users,unique_users,gamerounds,purchases,perc_gamerounds,purc_per_client,conversion
204103781,10331056,2684253732,6283916,259.82375199592377,0.6082549547693866,0.0023410290633434053
