groupings,period,users,unique_users,gamerounds,purchases,perc_gamerounds,purc_per_client,conversion
B,pre-study,15952936,1692085,210156002,490943,124.19943560754926,0.2901408617179397,0.0023360884073156283
A,study,99419615,8265610,1310623544,3026957,158.56343863308334,0.3662109632561904,0.002309554878559392
A,pre-study,63897583,6776037,842316960,1955183,124.30819961579313,0.2885437313875352,0.00232119628696542
B,study,24833647,2065446,321157226,810833,155.49049745188205,0.3925704182050753,0.0025247228907127254
