groupings,users,unique_users,gamerounds,purchases,perc_gamerounds,purc_per_client,conversion
A,163317198,8265610,2152940504,4982140,260.46964519255084,0.6027552715407575,0.0023141094659808585
B,40786583,2065446,531313228,1301776,257.2389827669181,0.6302638752114555,0.002450110276569286
